﻿,ISBN,TITLE,AUTHOR,PUB,PRICE,LINK,DESCRIP,PRE
0,1001,콩쥐팥쥐,김철수,고려문고,5000,,,TRUE
1,1002,흥부전,이영희,신라북스,3000,,,FALSE
2,1003,홍길동전,김철수,고려문고,5000,,,FALSE
3,1004,장화홍련전,김민식,백제출판,10000,,,FALSE
4,1005,봉이김선달,이영희,신라북스,5000,,,TRUE
5,1006,춘향전,김철수,고려문고,3000,,,TRUE
6,1007,심청전,김철수,고려문고,3000,,,TRUE
7,1008,허생전,김민식,백제출판,10000,,,FALSE
8,1009,전우치전,이영희,신라북스,10000,,,FALSE
9,1010,별주부전,김철수,고려문고,3000,,,TRUE
